{
  "gizmos-infos": {
    "is2D": false,
    "is3DIcon": false,
    "iconSize": 2,
    "gridVisible": true,
    "gridColor": [
      150,
      150,
      150,
      255
    ],
    "isIconGizmo3D": false,
    "iconGizmoSize": 2,
    "isGridVisible": true
  },
  "camera-infos": {
    "f46876e4-e81b-4931-b493-6d367be385e7": {
      "position": {
        "x": 50,
        "y": 50,
        "z": 50
      },
      "rotation": {
        "x": -0.27984814233312133,
        "y": 0.3647051996310009,
        "z": 0.11591689595929514,
        "w": 0.8804762392171493
      },
      "viewCenter": {
        "x": 0,
        "y": 0,
        "z": 0
      }
    },
    "43d54493-e8eb-4f9c-9e03-9a58b01f07eb": {
      "position": {
        "x": 5.442308110313861,
        "y": 1.7718685064680453,
        "z": 1.0448473580206903
      },
      "rotation": {
        "x": -0.1088607870257629,
        "y": 0.4675692290335071,
        "z": 0.05815156582066129,
        "w": 0.8752980866403868
      },
      "viewCenter": {
        "x": 1.1132287522181734,
        "y": 0.4559982929056021,
        "z": -1.8509502429461278
      }
    }
  },
  "camera-uuids": [
    "43d54493-e8eb-4f9c-9e03-9a58b01f07eb"
  ],
  "float-window": {
    "position": {
      "cc": {
        "Camera": {
          "dock": false,
          "top": null,
          "bottom": 10,
          "left": null,
          "right": 10
        }
      }
    }
  }
}
